District_Name,Crop_Year,Rain_Jan,Rain_Feb,Rain_Mar,Rain_Apr,Rain_May,Rain_Jun,Rain_July,Rain_Aug,Rain_Sep,Rain_Oct,Rain_Nov,Rain_Dec,MinTemp_Jan,MinTemp_Feb,MinTemp_Mar,MinTemp_Apr,MinTemp_May,MinTemp_Jun,MinTemp_Jul,MinTemp_Aug,MinTemp_Sep,MinTemp_Oct,MinTemp_Nov,MinTemp_Dec,AvgTemp_Jan,AvgTemp_Feb,AvgTemp_Mar,AvgTemp_Apr,AvgTemp_May,AvgTemp_Jun,AvgTemp_Jul,AvgTemp_Aug,AvgTemp_Sep,AvgTemp_Oct,AvgTemp_Nov,AvgTemp_Dec,CloudCover_Jan,CloudCover_Feb,CloudCover_Mar,CloudCover_Apr,CloudCover_May,CloudCover_Jun,CloudCover_Jul,CloudCover_Aug,CloudCover_Sep,CloudCover_Oct,CloudCover_Nov,CloudCover_Dec,MaxTemp_Jan,MaxTemp_Feb,MaxTemp_Mar,MaxTemp_Apr,MaxTemp_May,MaxTemp_Jun,MaxTemp_Jul,MaxTemp_Aug,MaxTemp_Sep,MaxTemp_Oct,MaxTemp_Nov,MaxTemp_Dec,Arhar/Tur,Bajra,Castor seed,Cotton(lint),Gram,Groundnut,Jowar,Linseed,Maize,Moong(Green Gram),Niger seed,Other  Rabi pulses,Other Cereals & Millets,Other Kharif pulses,Pulses total,Ragi,Rapeseed &Mustard,Rice,Safflower,Sesamum,Small millets,Soyabean,Sugarcane,Sunflower,Total foodgrain,Urad,Wheat,pH rating,EC rating,OC rating,N rating,P rating,K rating,S rating,Zn rating,Fe rating,Cu rating,Mn rating
Akola,1997,30.858,0,0.492,14.028,2.734,135.668,151.123,202.686,31.09,29.182,156.346,39.305,11.44,13.439,19.355,21.114,24.748,23.249,22.238,22.396,21.137,19.057,17.936,14.307,19.528,21.926,27.799,29.169,32.226,29.098,26.437,26.226,25.921,25.808,25.482,22.211,12.836,8.872,25.564,27.307,24.891,55.721,76.601,75.363,57.685,23.518,27.386,38.837,27.62,30.43,36.295,37.303,39.714,34.949,30.679,30.085,30.775,32.569,32.987,30.162,0.793103448,0.428571429,,51.20044668,0.394666667,,0.881578148,,1.142857143,0.360971524,,0.1,,,0.524710831,,,0.551724138,,,,,,,0.910224949,0.503685504,1.043062201,0.975,0,0.44,0,0,0.5,0.325,0.185,0.5,0.99,0.81
Akola,1998,3.1,0.404,6.006,0.217,2.325,73.843,149.136,169.244,350.436,47.664,63.705,0.016,13.574,14.798,19.334,24.764,27.81,26.885,23.536,23.315,21.668,20.385,16.41,12.455,21.65,23.284,27.788,32.817,35.285,32.73,27.737,27.138,26.475,27.136,23.72,20.358,18.8,11.813,22.484,20.852,31.557,63.749,73.201,80.289,69.545,35.363,26.44,13.962,29.745,31.788,36.273,40.954,42.773,38.579,31.978,30.996,31.328,33.896,31.095,28.309,1.142302717,0.517857143,,0.684152095,0.683185841,0.778532609,0.917644479,,1.5,0.771004942,,1,0.636363636,0.382352941,,,,0.689655172,0.733067729,0.345679012,,1.361182519,82.93333333,0.600472085,,0.731421121,1.224806202,0.975,0,0.44,0,0,0.5,0.325,0.185,0.5,0.99,0.81
Akola,1999,0.021,32.652,0,0,39.871,201.805,156.08,219.58,234.268,111.629,0.234,0.798,12.358,16.34,20.063,24.821,25.493,23.01,22.6,22.196,20.914,19.036,15.556,12.257,20.436,24.834,28.524,32.875,32.97,28.853,26.799,26.02,25.702,25.797,23.05,20.161,7.562,16.489,22.796,21.098,40.77,65.981,79.959,85.118,79.377,31.886,16.029,14.301,28.53,33.332,37.002,41.012,40.456,34.703,31.042,29.878,30.556,32.557,30.605,28.112,1.260869565,0.52173913,,0.977045075,0.758530184,0.926470588,1.520501139,,1,0.566137566,,0,,0.6,,,0,,0.815384615,0.245283019,0.6,1.404929577,91.5,0.926971579,,0.608391608,1.685483871,0.975,0,0.44,0,0,0.5,0.325,0.185,0.5,0.99,0.81
Akola,2000,0,3.261,0,0,12.391,133.545,198.556,134.736,38.018,6.034,0.841,0.864,13.741,14.586,18.837,25.39,25.022,23.534,21.874,23.444,22.553,21.242,17.316,13.625,21.819,23.077,27.281,33.48,32.498,29.378,26.075,27.275,27.349,28.003,24.857,21.531,7.058,19.876,20.25,21.695,35.972,67.236,71.975,78.841,57.463,21.618,15.533,11.336,29.915,31.576,35.776,41.618,39.985,35.229,30.316,31.132,32.192,34.755,32.403,29.482,0.713362069,0.6,,0.68261633,0.309090909,0.607142857,1.077526132,,1,0.400673401,,,,0.393548387,,,0.1,,0.387755102,0.224489796,0.615384615,1.079584775,81.33333333,0.776315789,,0.62,1.422680412,0.975,0,0.44,0,0,0.5,0.325,0.185,0.5,0.99,0.81
Akola,2001,18.656,0,23.179,3.303,7.291,179.332,50.113,135.485,11.869,18.745,1.232,0.016,13.772,16.666,20.239,22.634,26.416,23.091,22.634,22.212,23.301,19.588,16.276,15.458,21.858,25.151,28.681,30.68,33.893,28.942,26.834,26.035,28.105,26.348,23.772,23.354,14.851,10.837,26.284,27.331,32.473,71.979,85.495,82.25,49.844,33.457,14.862,17.865,29.951,33.654,37.177,38.815,41.38,34.79,31.075,29.894,32.95,33.099,31.325,31.306,0.888888889,0.347826087,,0.842264477,0.578475336,1.142857143,1.210680751,,2.5,0.545,,,,0.287671233,,,0.1,,0.647058824,0.315789474,0.571428571,0.977635783,73.5,0.867647059,,0.744827586,1.534653465,0.975,0,0.44,0,0,0.5,0.325,0.185,0.5,0.99,0.81
Amravati,1997,28.092,0,0.044,13.378,4.272,109.405,177.96,207.139,46.847,40.511,150.635,58.019,11.89,14.004,19.916,21.711,25.851,24.336,23.084,23.245,21.986,19.453,18.049,13.978,19.813,22.332,28.3,29.733,33.132,30.089,27.135,26.844,26.628,26.179,25.52,21.816,13.302,9.678,26.327,28.186,25.74,55.771,76.943,75.308,58.151,23.991,27.074,41.705,27.765,30.711,36.735,37.777,40.434,35.862,31.193,30.481,31.32,32.933,33.031,29.667,0.73501199,0.411764706,,34.25477344,0.401656315,,0.978870293,,1.071428571,0.417602996,,0.1,,,0.597411444,,,0.610526316,,,,,,,0.965702036,0.409090909,0.785276074,0.825,0,0.4,0,0.435,1,0.52,0.44,0.44,1,0.945
Amravati,1998,4.28,1.782,14.007,0.806,2.097,75.024,158.635,195.788,319.134,42.823,70.716,0.12,13.764,15.173,19.309,25.087,28.775,27.746,24.327,24.113,22.593,20.91,16.801,12.874,21.669,23.501,27.744,33.097,36.058,33.499,28.378,27.711,27.261,27.628,24.022,20.684,20.574,12.445,23.45,21.302,31.65,64.641,71.322,79.459,67.808,35.043,26.696,13.38,29.621,31.879,36.145,41.14,43.359,39.27,32.437,31.345,31.953,34.377,31.267,28.537,0.993063584,0.526315789,0.285714286,0.445310065,0.788167939,1.118627451,0.919704861,0.333333333,1.291666667,0.524305556,0.25,,0.666666667,0.35,,,0.25,0.701149425,0.666666667,0.228070175,,1.313926941,84.95,0.682187731,,0.545454545,1.286458333,0.825,0,0.4,0,0.435,1,0.52,0.44,0.44,1,0.945
Amravati,1999,0.255,34.516,0.004,0,29.867,170.464,196.633,258.226,222.183,107.663,0.221,0.756,12.813,16.538,20.441,25.507,26.689,24.127,23.487,22.917,21.604,19.582,16.142,12.645,20.727,24.909,28.856,33.518,33.97,29.879,27.54,26.498,26.254,26.313,23.605,20.456,7.663,16.863,22.692,20.967,40.262,65.506,79.159,85.169,78.983,32.498,16.265,14.286,28.68,33.269,37.284,41.559,41.273,35.654,31.6,30.134,30.945,33.067,31.12,28.31,1.048806941,0.5,0.25,0.765644172,0.759649123,0.961038961,0.808119658,0,1.142857143,0.534804754,,0,,0.454545455,,,0,0.636363636,0.654761905,0.216666667,0.684210526,0.76391863,97.84210526,0.650623886,,0.514018692,1.612903226,0.825,0,0.4,0,0.435,1,0.52,0.44,0.44,1,0.945
Amravati,2000,0,3.922,0.004,0.016,16.055,127.674,273.619,140.844,37.683,4.138,0.221,0.136,14.216,14.907,19.223,26.037,26.088,24.382,22.714,24.192,23.228,21.811,17.812,14.015,22.12,23.236,27.633,34.043,33.371,30.136,26.764,27.793,27.853,28.546,25.303,21.852,7.347,20.642,20.983,21.574,36.423,66.712,71.575,78.488,57.21,20.694,14.887,10.968,30.075,31.615,36.076,42.088,40.673,35.907,30.823,31.427,32.545,35.279,32.799,29.702,0.675702811,0.555555556,0.177419355,0.484309285,0.535519126,0.853846154,1.216512216,,1,0.400974026,,,,0.357142857,,,,0.494382022,0.342105263,0.609756098,0.613636364,0.693843594,81.97142857,0.685185185,,0.319587629,1.268656716,0.825,0,0.4,0,0.435,1,0.52,0.44,0.44,1,0.945
Amravati,2001,18.416,0.006,22.222,6.565,11.092,205.709,88.178,153.653,12.43,28.019,0.726,0.12,14.053,17.091,20.618,23.183,27.564,23.917,23.292,23.123,23.972,20.293,16.841,15.726,21.978,25.436,29.025,31.185,34.845,29.687,27.342,26.703,28.624,27.017,24.315,23.544,14.781,11.082,27.84,27.421,32.889,73.494,84.867,80.916,48.6,33.346,14.64,18.319,29.929,33.814,37.472,39.23,42.147,35.443,31.404,30.339,33.297,33.752,31.83,31.397,0.87434555,0.4,0.166666667,0.699938386,0.868656716,1,1.200917431,,2.027777778,0.35508346,,,,0.258928571,,,,0.941747573,0.5,0.2,0.633333333,0.937336815,68.03333333,0.962962963,,0.373493976,1.327433628,0.825,0,0.4,0,0.435,1,0.52,0.44,0.44,1,0.945
Aurangabad,1997,10.647,0,2.118,16.664,3.308,173.255,143.606,177.972,41.28,26.394,123.125,32.961,11.582,12.887,18.519,20.012,22.574,22.297,22.051,21.612,20.587,19.406,18.173,14.514,20.243,22.035,27.456,28.472,30.548,27.963,26.235,25.678,25.71,26.195,25.788,22.819,11.31,8.054,23.68,24.551,21.527,55.303,76.497,74.232,53.095,20.349,27.249,29.012,28.948,31.181,36.379,36.981,38.544,33.668,30.479,29.773,30.839,33.035,33.412,31.138,0.099730458,0.790519878,,58.6972083,0.355231144,,0.879347271,,1.357142857,0.205607477,,,,,0.207352941,,,1.090909091,,,,,,,0.719985086,0.609375,0.905660377,0.735,0,0.35,0,0.5,0.99,0.735,0.345,0.48,0.96,0.985
Aurangabad,1998,1.098,1.057,2.218,0.41,10.62,65.81,151.874,123.437,300.989,52.316,64.21,0,13.336,13.988,18.275,22.941,25.315,24.81,22.675,22.608,21.072,19.963,16.349,12.62,21.992,23.124,27.186,31.426,33.259,30.473,26.836,26.664,26.166,26.749,23.951,20.924,13.651,10.973,19.615,18.674,29.494,58.895,78.045,80.774,69.651,34.072,25.006,14.765,30.698,32.269,36.134,39.916,41.253,36.188,31.081,30.759,31.296,33.588,31.573,29.267,0.598039216,0.890076336,,0.971821756,0.583850932,0.866959064,1.044199913,0.428571429,1.702780633,0.525925926,0.25,,0.589211618,0.4140625,,,0.142857143,0.5,0.529411765,0.254237288,,0.617647059,21.07594937,0.520307948,,0.527777778,1.405882353,0.735,0,0.35,0,0.5,0.99,0.735,0.345,0.48,0.96,0.985
Aurangabad,1999,0,5.917,0,0.008,41.288,156.561,97.13,77.208,248.182,128.323,0.3,0.728,11.976,15.61,19.205,22.937,23.118,22.06,21.946,21.599,20.101,18.944,15.484,12.607,20.65,24.732,28.108,31.423,31.063,27.727,26.117,25.626,25.222,25.744,23.082,20.877,7.051,16.185,22.363,19.833,40.76,65.65,82.135,82.637,74.444,28.286,15.453,13.501,29.355,33.862,37.066,39.914,39.057,33.437,30.36,29.723,30.355,32.587,30.705,29.223,0.41607565,0.88961039,0.25,0.709717868,0.542094456,0.780172414,1.041717613,0.226415094,1.655067443,0.348484848,0.333333333,,,0.336283186,,,0.166666667,0.444444444,0.524390244,0.316666667,0.714285714,1.727272727,74.13265306,0.593125089,,0.671052632,1.408898305,0.735,0,0.35,0,0.5,0.99,0.735,0.345,0.48,0.96,0.985
Aurangabad,2000,0,0.547,0,0.014,26.111,110.986,117.923,79.066,77.284,19.89,8.86,6.671,13.403,13.697,17.643,23.441,22.578,22.442,21.418,22.509,21.384,20.669,16.797,13.127,22.051,22.808,26.557,31.91,30.55,28.111,25.576,26.542,26.477,27.482,24.407,21.414,6.206,17.982,18.633,20.331,32.755,65.929,73.833,77.5,54.459,22.501,17.226,11.533,30.757,31.951,35.514,40.415,38.545,33.83,29.822,30.635,31.607,34.324,32.021,29.758,0.256166983,0.745962733,0.263157895,0.416918429,0.461206897,0.731404959,0.737588061,0.260869565,1.053015973,0.247663551,0.142857143,,,0.330508475,,,0.25,0.666666667,0.207964602,0.244186047,0.593220339,0.744186047,69.61413043,0.382620321,,0.297297297,1.226890756,0.735,0,0.35,0,0.5,0.99,0.735,0.345,0.48,0.96,0.985
Aurangabad,2001,3.273,0,6.701,1.897,13.211,124.162,69.595,73.019,68.796,65.934,13.576,0,13.42,15.493,18.557,21.654,23.554,22.085,21.517,21.452,21.922,19.332,16.103,14.55,22.076,24.623,27.469,30.13,31.527,27.753,25.677,25.456,27.019,26.169,23.698,22.821,13.305,11.238,22.677,25.036,29.975,66.879,87.55,82.845,49.304,32.073,15.603,15.097,30.783,33.77,36.417,38.642,39.521,33.469,29.92,29.551,32.15,32.973,31.323,31.165,0.278287462,0.631004367,0.25,0.647558386,0.501204819,0.834090909,0.821869712,0.195652174,1.77452664,0.257352941,0.25,,,0.236363636,,,0.285714286,0.6,0.513944223,0.215686275,0.572580645,1.052631579,50.63106796,0.379166667,,0.573770492,1.183050847,0.735,0,0.35,0,0.5,0.99,0.735,0.345,0.48,0.96,0.985
Bhandara,1997,21.976,0.147,6.074,10.465,9.902,79.274,260.712,237.686,225.024,74.61,46.188,93.658,12.169,15.031,20.869,22.264,27.283,26.597,24.6,24.419,23.515,20.247,17.661,12.715,19.85,23.082,28.943,30.197,34.609,32.178,28.283,27.803,27.782,26.329,24.991,20.512,14.206,11.046,28.349,29.225,27.903,55.97,78.564,73.126,60.868,26.985,27.698,49.434,27.543,31.147,37.009,38.136,42.009,37.845,31.996,31.198,32.142,32.47,32.264,28.337,0.264705882,,,,0.214285714,,0.435897436,,0.5,0.333333333,,0.030827068,,,0.300613497,,,1.37544421,,,,,,,1.192793348,0.391304348,0.338797814,0.355,0,0.49,0,0.025,0.985,0.535,0.255,0.255,1,1
Bhandara,1998,22.561,46.009,31.273,12.945,16.549,101.209,247.198,334.728,203.732,50.813,56.368,0.147,14.131,15.549,18.243,24.024,28.115,27.687,25.168,24.805,23.895,21.427,16.475,11.727,21.816,23.468,26.501,31.884,35.424,33.254,28.862,28.157,27.988,27.509,23.339,19.511,23.749,15.329,26.771,22.021,32.458,69.147,69.381,77.579,66.164,36.622,28.205,12.56,29.507,31.455,34.766,39.811,42.815,38.833,32.648,31.542,32.155,33.65,30.298,27.336,0.752475248,,0.333333333,,0.468085106,1,0.391304348,0.214723926,2,0.5,,0.41958042,0.666666667,0.375,,,0.176470588,1.368828945,0.5,0.266666667,,1.680672269,84.71428571,,,0.294117647,0.696682464,0.355,0,0.49,0,0.025,0.985,0.535,0.255,0.255,1,1
Bhandara,1999,1.138,21.042,0,0.243,35.081,115.749,281.053,408.347,246.488,93.718,0,0.147,11.99,16.99,20.737,26.189,27.365,25.446,24.156,23.828,22.757,20.654,16.051,12.332,19.647,24.988,29.004,34.068,34.764,31.018,27.849,27.086,26.817,26.736,23.323,20.01,8.077,17.837,24.379,21.803,39.819,65.201,78.825,85.951,82.192,36.106,17.095,15.081,27.332,33.048,37.269,42.003,42.098,36.599,31.634,30.371,30.913,32.876,30.663,27.722,0.885245902,,0.375,,0.433333333,1,0.428571429,0.281690141,,0.333333333,,0.474431818,,1,,,0.25,1.810122502,1,0.333333333,,1.353448276,87.54545455,,,0.272727273,0.805714286,0.355,0,0.49,0,0.025,0.985,0.535,0.255,0.255,1,1
Bhandara,2000,0.062,31.923,0,1.237,38.089,175.603,425.077,210.595,92.127,17.384,0,0.282,14.202,15.372,19.44,26.103,26.818,24.092,23.737,24.421,23.071,21.447,16.925,12.875,21.895,23.35,27.704,33.977,34.19,29.66,27.397,27.777,27.396,27.529,24.196,20.665,7.694,26.108,22.711,22.322,38.614,69.242,71.442,78.424,57.26,20.695,14.213,10.882,29.586,31.387,35.969,41.917,41.575,35.24,31.084,31.173,31.755,33.67,31.534,28.49,0.767857143,,0.1,,0.405405405,1.5,0.266666667,0.229166667,,0.5,,0.379844961,,1,,,0.333333333,1.531813503,,0.625,0.666666667,0.793814433,72.53333333,,,0.4,0.697247706,0.355,0,0.49,0,0.025,0.985,0.535,0.255,0.255,1,1
Bhandara,2001,3.778,0.147,15.612,33.339,30.675,268.811,308.062,344.01,109.681,132.675,2.321,0.147,14.006,17.683,20.811,23.684,28.605,24.372,23.926,23.808,24.682,20.86,17.481,13.39,21.67,25.65,29.076,31.432,35.805,29.939,27.612,27.164,28.85,26.907,24.613,21.18,15.693,12.771,31.089,29.228,34.716,77.646,83.839,79.577,48.266,34.526,15.482,21.282,29.362,33.616,37.343,39.179,43.103,35.519,31.383,30.56,33.117,32.963,31.758,29.006,1.070175439,,1,,0.552631579,,0.444444444,0.176470588,,0.666666667,,0.506024096,,,,,0.1,1.761446629,,0.666666667,1,1.138888889,37,,,1,1.018691589,0.355,0,0.49,0,0.025,0.985,0.535,0.255,0.255,1,1
Buldana,1997,26.717,0,1.602,15.386,2.984,156.894,144.544,212.425,35.052,25.867,160.298,38.529,11.737,13.546,19.442,20.952,23.959,22.674,21.964,21.936,20.755,19.214,18.111,14.613,19.915,22.155,27.952,29.078,31.708,28.626,26.276,25.943,25.719,25.988,25.65,22.56,11.847,8.175,25.195,26.175,23.407,54.98,76.553,74.548,55.897,22.399,27.096,34.901,28.102,30.812,36.534,37.273,39.47,34.582,30.616,29.969,30.726,32.766,33.209,30.55,0.471428571,0.423913043,,45.16007533,0.494296578,,0.740945169,,1.206666667,0.797945205,,,,,0.354939885,,,0.428571429,,,,,,,0.686118252,0.302431611,0.845410628,0.575,0,0.5,0,0.44,0.98,0.5,0.04,0.66,0.99,0.995
Buldana,1998,2.855,1.189,4.083,0.239,4.599,73.271,145.745,164.484,351.133,46.401,68.826,0,13.743,14.825,19.369,24.413,26.932,25.961,23.092,22.889,21.262,20.283,16.478,12.736,21.922,23.408,27.859,32.544,34.654,31.862,27.376,26.889,26.246,27.047,23.887,20.692,16.565,11.126,21.8,19.827,30.515,61.56,74.852,79.981,69.279,34.901,25.691,13.7,30.107,32.064,36.434,40.741,42.417,37.816,31.718,30.917,31.257,33.828,31.346,28.683,0.961038961,0.527272727,0.285714286,0.761851016,0.806593407,0.88,1.070049881,0.333333333,1.404545455,0.645211931,0.142857143,0.5,0.708333333,0.382978723,,,1,0.8,0.517857143,0.365079365,,1.09919571,81.375,0.647619048,,0.643642072,1.704225352,0.575,0,0.5,0,0.44,0.98,0.5,0.04,0.66,0.99,0.995
Buldana,1999,0,26.102,0,0.01,43.632,193.513,127.978,171.551,248.785,109.334,0.283,0.872,12.467,16.383,20.125,24.428,24.618,22.453,22.209,21.784,20.478,19.063,15.554,12.587,20.649,24.966,28.648,32.559,32.367,28.404,26.494,25.788,25.44,25.833,23.08,20.546,6.892,16.006,22.23,20.346,40.372,65.231,80.696,83.775,77.346,30.6,15.542,13.492,28.832,33.622,37.215,40.754,40.13,34.361,30.836,29.812,30.451,32.616,30.651,28.536,0.759425494,0.506666667,0.333333333,1.021317829,0.709745763,0.804738562,1.249084899,,1.343351548,0.547008547,0.25,0.5,,0.314285714,,,1,0.5,0.629213483,0.338235294,0.541666667,1.437410072,94.6,0.574223719,,0.546995378,1.887323944,0.575,0,0.5,0,0.44,0.98,0.5,0.04,0.66,0.99,0.995
Buldana,2000,0,2.553,0,0.025,16.544,130.459,160.046,123.299,51.635,10.469,3.202,3.478,13.87,14.584,18.802,24.985,24.144,22.909,21.516,22.944,21.949,21.099,17.2,13.672,22.047,23.17,27.289,33.126,31.893,28.865,25.802,26.944,26.951,27.869,24.757,21.619,6.299,18.864,19.987,20.889,34.482,66.174,72.665,77.924,56.136,21.878,15.826,10.854,30.232,31.823,35.866,41.317,39.656,34.792,30.141,30.975,31.948,34.65,32.321,29.608,0.404399323,0.620253165,0.2,0.405823476,0.519125683,0.586956522,1.076158489,,0.975247525,0.252538071,,,,0.358078603,,,,1,0.345454545,0.242857143,0.448383085,0.754772394,86.33333333,0.567973856,,0.245588235,1.49537037,0.575,0,0.5,0,0.44,0.98,0.5,0.04,0.66,0.99,0.995
Chandrapur,1997,16.725,0,9.005,21.701,10.637,61.062,259.454,240.6,181.872,78.771,57.139,40.682,13.514,16.274,21.537,22.828,27.186,26.484,24.432,24.167,23.434,20.687,18.432,14.264,20.963,24.098,29.34,30.448,34.448,32.051,28.24,27.661,27.722,26.55,25.365,21.894,12.435,8.603,26.281,31.711,27.336,53.424,78.728,69.467,61.456,27.099,29.398,42.668,28.434,31.938,37.146,38.122,41.722,37.688,32.125,31.158,32.083,32.431,32.341,29.581,0.320132013,,,61.15384615,0.292682927,,0.454991218,,0.909090909,0.45,,0.040909091,,,0.343902439,,,1.287756598,,,,,,,1.088877855,0.526315789,0.362989324,0.605,0,0.44,0,0.455,1,0.45,0.4,0.575,1,0.99
Chandrapur,1998,12.174,16.011,21.783,12.525,16.449,81.71,264.926,351.298,193.666,83.375,61.917,0,15.684,17.109,20.043,24.983,28.252,27.615,25.015,24.4,23.618,21.463,17.154,12.547,23.132,24.93,28.016,32.636,35.508,33.11,28.861,27.887,27.855,27.328,23.822,20.201,18.163,13.37,25.035,18.823,31.987,65.109,71.564,74.213,66.675,37.568,27.464,11.25,30.605,32.772,36.05,40.289,42.782,38.672,32.724,31.385,32.152,33.183,30.55,27.887,0.484126984,,,0.840607211,0.416666667,1,0.611810627,0.244299674,2,0.555555556,,0.395408163,0.666666667,0.407407407,,,0.166666667,1.38734241,0.666666667,0.237179487,,2.067961165,,0.5,,0.764705882,0.636085627,0.605,0,0.44,0,0.455,1,0.45,0.4,0.575,1,0.99
Chandrapur,1999,0.425,8.199,0,1.981,43.127,92.053,255.514,336.402,212.05,87.093,0.026,0,13.457,18.045,21.726,26.485,27.014,25.1,23.96,23.492,22.657,20.868,16.756,13.166,20.839,25.867,29.701,34.125,34.274,30.61,27.76,26.92,26.805,26.726,23.69,20.81,6.145,14.499,23.61,19.073,39.875,61.73,78.019,81.558,77.883,34.689,16.963,13.374,28.291,33.707,37.734,41.8,41.551,36.17,31.646,30.388,31.021,32.606,30.665,28.464,0.773722628,,0,1.120879121,0.429411765,1,0.795435528,0.301369863,1.5,0.526315789,0,0.464102564,,0.173913043,,,0.25,1.526327261,1,0.303846154,0.689655172,1.518665608,,,,0.25,0.707602339,0.605,0,0.44,0,0.455,1,0.45,0.4,0.575,1,0.99
Chandrapur,2000,0,19.737,0,3.768,41.563,196.047,339.212,378.648,78.893,19.99,0.443,0.737,15.466,16.821,20.451,26.437,26.599,23.913,23.459,23.977,23.107,21.729,17.521,13.651,22.914,24.617,28.458,34.078,33.862,29.422,27.24,27.463,27.368,27.596,24.453,21.282,5.111,24.623,20.436,18.007,36.866,69.067,73.173,77.253,55.502,22.571,15.784,10.648,30.387,32.456,36.494,41.752,41.134,34.985,31.093,30.96,31.731,33.474,31.426,28.968,0.423791822,,,0.657039711,0.34,2,0.993998898,0.176829268,1,0.411764706,,0.368663594,,0.366666667,,,0.05,0.944935543,,0.196428571,0.692307692,1.196382429,,,,0.428571429,0.663755459,0.605,0,0.44,0,0.455,1,0.45,0.4,0.575,1,0.99
Chandrapur,2001,13.014,0,26.621,32.448,26.98,254.108,222.874,338.05,103.127,135.153,3.596,0,15.231,18.722,21.652,24.314,28.539,24.359,23.937,23.444,24.406,20.973,18.143,14.192,22.673,26.464,29.641,31.808,35.664,29.854,27.737,26.928,28.65,26.789,24.909,21.823,14.214,10.744,29.273,25.287,34.05,73.788,82.933,77.688,52.502,34.998,18.089,19.763,30.146,34.27,37.662,39.331,42.824,35.395,31.622,30.427,32.965,32.624,31.739,29.512,0.791970803,,,0.704065041,0.41025641,1,0.798846522,0.239520958,,0.533333333,,0.482142857,,0.285714286,,,0.217391304,1.322003929,,0.253846154,0.714285714,1.331282953,,,,0.625,0.787755102,0.605,0,0.44,0,0.455,1,0.45,0.4,0.575,1,0.99
Dhule,1997,6.928,0,0.098,17.738,2.907,276.307,469.163,438.384,62.075,26.062,36.934,18.186,10.96,11.899,17.483,19.528,22.379,22.682,22.322,21.674,21.041,19.022,17.504,13.145,19.86,21.136,26.447,27.821,29.776,28.001,26.216,25.375,25.918,26.025,25.424,21.647,9.628,7.945,22.929,24.223,18.363,53.89,74.946,75.367,52.464,16.029,22.34,24.707,28.773,30.375,35.443,36.153,37.17,33.317,30.192,29.119,30.862,33.048,33.344,30.168,0.629251701,0.929275362,,100.5767013,0.688644689,,1.041545655,,182.4467524,0.91954023,,0.066666667,,,0.734375,1.376344086,,0.837944664,,,,,0.831020408,,0.959760865,0.880877743,1.316666667,0.5,0.045,0,0,0.395,1,1,0.645,0.075,1,0.995
Dhule,1998,1.812,0.123,5.673,0.989,12.091,102.995,408.756,283.39,306.584,41.609,26.35,0,11.874,12.62,16.806,21.987,24.908,24.736,22.479,22.688,21.376,19.932,15.921,12.591,20.735,21.876,25.791,30.279,32.302,30.049,26.373,26.404,26.254,26.918,23.791,21.038,12.067,10.417,18.853,17.542,24.462,53.802,76.625,80.398,66.214,29.292,21.035,12.115,29.644,31.149,34.766,38.595,39.696,35.383,30.348,30.133,31.197,33.939,31.694,29.557,0.37037037,1.061458932,0.25,1.091966173,0.752411576,0.963618715,1.335751661,,1.542299899,0.585074627,0.4,0.666666667,0.607843137,0.412844037,,0.78021978,0.25,0.602272727,0.666666667,0.366972477,,1.425,72.00952381,0.583333333,,0.812883436,1.369791667,0.5,0.045,0,0,0.395,1,1,0.645,0.075,1,0.995
Dhule,1999,0,0.962,0,0,6.023,271.636,228.785,102.205,318.534,103.76,0.285,1.37,11.119,13.972,17.839,21.994,23.271,22.647,22.162,21.737,20.702,18.645,14.86,12.021,20.027,23.208,26.82,30.291,30.664,27.968,26.09,25.453,25.625,25.642,22.746,20.5,5.675,15.253,20.562,16.804,36.399,61.293,81.47,81.176,67.572,24.002,12.821,11.008,28.959,32.448,35.797,38.607,38.062,33.304,30.066,29.199,30.567,32.665,30.667,29.019,0.362318841,0.459813084,0.166666667,0.684053651,0.575418994,0.83911686,0.991123596,,1.402597403,0.597765363,,0.5,,0.376470588,,0.815384615,0.333333333,0.959183673,,0.28,0.658385093,1.227272727,80.71428571,0.722222222,,0.802325581,1.349206349,0.5,0.045,0,0,0.395,1,1,0.645,0.075,1,0.995
Dhule,2000,0,0.054,0,0,33.24,158.123,344.17,176.65,73.468,19.282,6.392,3.404,12.212,11.712,16.393,22.58,22.077,22.906,21.388,22.542,21.225,20.078,16.411,12.86,21.099,20.948,25.361,30.906,29.475,28.24,25.283,26.237,26.099,27.07,24.328,21.358,5.131,15.664,18.509,17.103,27.318,58.575,75.074,76.302,53.226,18.722,14.276,9.17,30.031,30.222,34.356,39.24,36.872,33.576,29.257,29.973,31.042,34.084,32.249,29.876,0.289855072,0.380073801,0.05,0.499241275,0.529411765,0.663167104,0.459192034,,0.933333333,0.396648045,1,0,,0.325,,0.461538462,,0.367346939,,0.145833333,0.635036496,0.590909091,72,0.833333333,,0.311827957,1.011363636,0.5,0.045,0,0,0.395,1,1,0.645,0.075,1,0.995
Dhule,2001,0.814,0,4.411,0.06,18.119,278.558,230.435,142.194,73.202,65.872,9.802,0,11.753,13.857,16.871,20.934,22.807,21.877,21.002,21.528,21.755,19.079,15.51,13.267,20.659,23.105,25.849,29.221,30.2,27.176,24.895,25.229,26.687,26.09,23.429,21.715,10.68,11.33,23.346,21.159,25.901,64.029,87.569,81.704,47.142,28.355,13.083,12.25,29.57,32.334,34.84,37.538,37.597,32.511,28.869,28.962,31.629,33.093,31.353,30.236,0.232876712,0.910552061,0.4,0.729041916,0.547619048,1.100505051,1.018080561,,1.543402778,0.855555556,0.4,0,,0.24,,1.369230769,0.1,1.142857143,,0.190048544,0.502380952,1.869565217,64.06818182,0.666666667,,1.054347826,1.185840708,0.5,0.045,0,0,0.395,1,1,0.645,0.075,1,0.995
Jalgaon,1997,12.134,0,1.816,10.471,2.144,186.571,216.288,222.943,32.586,24.811,91.859,28.323,11.484,12.813,18.649,20.69,23.553,23.169,22.662,22.237,21.259,19.339,17.802,13.713,20.276,22.033,27.692,29.203,31.502,29.029,26.86,26.177,26.38,26.449,25.786,22.168,10.575,8.051,23.884,24.966,21.174,53.913,75.392,74.739,53.616,18.949,23.897,29.462,29.073,31.259,36.777,37.788,39.447,34.884,31.139,30.181,31.509,33.626,33.774,30.624,0.633802817,0.864,0.5,1.252853598,0.900369004,0.872050817,1.404410546,,1.776595745,0.576530612,,,,0.257575758,,,,0.583333333,,0.410852713,0.537681159,1.387096774,74.62222222,0.611111111,,0.610820244,1.651260504,0.935,0,0.7,0,0.455,1,0.98,0.655,0.42,1,1
Jalgaon,1998,2.857,0.514,5.763,0.498,11.615,67.561,169.731,153.4,244.419,30.878,42.594,0,12.775,13.744,18.253,23.523,26.305,25.776,23.201,23.196,21.71,20.247,16.307,12.752,21.531,22.969,27.291,32.08,34.231,31.629,27.4,27.127,26.826,27.356,24.171,21.207,14.29,10.721,20.118,18.408,27.539,56.818,75.242,79.783,66.792,31.696,22.68,12.48,30.329,32.198,36.38,40.639,42.174,37.488,31.677,31.132,31.957,34.533,32.067,29.664,0.730923695,1.017295597,0.05,1.219270833,1.019886364,1.111673414,1.849472087,,1.933006536,0.652873563,,,,0.368421053,,,0.1,0.888888889,,0.458015267,1,2.529411765,71.25,0.577777778,,0.689705882,1.920577617,0.935,0,0.7,0,0.455,1,0.98,0.655,0.42,1,1
Jalgaon,1999,0,7.518,0,0,21.866,196.397,112.986,99.456,231.953,94.932,0.257,1.513,11.918,15.166,19.159,23.527,24.481,23.113,22.712,22.201,20.969,19.012,15.129,12.249,20.698,24.381,28.222,32.107,32.402,28.993,26.911,26.133,26.094,26.14,23.089,20.696,6.126,15.545,21.377,18.061,38.472,62.395,80.781,82.127,71.303,27.042,13.666,11.866,29.5,33.609,37.311,40.667,40.348,34.85,31.191,30.138,31.224,33.298,31.077,29.153,0.148541114,0.779516358,,67.56578947,0.277777778,,0.755425292,,1.430033003,0.164146868,,0.033333333,,,0.187390543,,,0.5,,,,,,,0.570810386,0.226666667,0.685185185,0.935,0,0.7,0,0.455,1,0.98,0.655,0.42,1,1
Jalgaon,2000,0,0.594,0,0,29.42,120.135,161.711,105.102,45.893,15.326,4.787,3.535,13.089,13.026,17.754,24.196,23.414,23.428,21.873,23.143,21.82,20.648,16.848,13.223,21.839,22.265,26.815,32.737,31.336,29.284,26.073,27.081,26.937,27.777,24.835,21.665,5.586,17.078,19.095,18.502,30.95,61.17,73.693,76.648,54.065,19.972,14.406,9.586,30.641,31.495,35.905,41.307,39.281,35.158,30.349,31.085,32.068,34.937,32.798,30.123,0.563991323,0.797029703,0.5,1.066420664,0.522012579,0.729619565,0.996338025,0.21875,1.726455823,0.554511278,0.333333333,0.428571429,,0.403669725,,,,0.363636364,0.51744186,0.263157895,,1.511111111,81.05970149,0.522011559,,0.635761589,1.421052632,0.935,0,0.7,0,0.455,1,0.98,0.655,0.42,1,1
Jalgaon,2001,3.977,0,9.922,0.678,15.646,194.074,87.693,86.375,37.763,46.523,7.344,0,12.803,15.271,18.513,22.151,24.332,22.579,21.86,22.028,22.445,19.424,15.868,14.128,21.559,24.468,27.594,30.667,32.256,28.456,26.059,25.958,27.571,26.551,23.827,22.57,12.229,10.951,24.35,23.137,28.568,66.261,86.679,81.338,47.443,30.375,13.397,13.919,30.358,33.717,36.682,39.243,40.2,34.317,30.335,29.962,32.699,33.728,31.814,31.025,0.470338983,0.72759434,0.333333333,0.714034058,0.619318182,0.78115942,0.948875398,0.235294118,1.660938945,0.59266055,0.25,0.4,,0.34057971,,,0.5,0.538461538,0.452282158,0.325,,1.272727273,75.65354331,0.534274821,,0.738562092,1.397350993,0.935,0,0.7,0,0.455,1,0.98,0.655,0.42,1,1
Jalna,1997,18.539,0,2.657,20.87,3.738,158.49,111.774,193.511,44.48,27.229,152.395,38.522,12.327,13.966,19.665,20.885,23.45,22.529,22.113,21.894,20.744,19.77,18.83,15.491,20.559,22.663,28.225,29.135,31.408,28.438,26.51,26.094,25.871,26.405,26.156,23.435,11.849,8.029,24.544,25.873,22.485,55.32,77.219,73.227,54.354,22.491,28.175,31.806,28.813,31.393,36.822,37.415,39.391,34.329,30.916,30.33,31.007,33.068,33.554,31.422,0.555819477,0.71577575,0.05,1.166666667,0.641025641,0.861607143,1.06284161,0.235294118,1.43716753,0.288135593,0.2,0.5,,0.233333333,,,0.1,0.666666667,0.625514403,0.230769231,0.315384615,0.764705882,62.77165354,0.588723051,,0.437209302,1.464788732,0.735,0,0.29,0,0.41,0.965,0.46,0.36,0.49,0.47,0.805
Jalna,1998,0.874,2.197,1.775,0.154,5.205,69.582,136.336,146.977,371.621,65.175,71.944,0,14.487,15.264,19.667,24.192,26.292,25.375,23.054,22.863,21.237,20.457,16.968,13.171,22.709,23.953,28.226,32.444,34.242,31.259,27.42,27.041,26.353,27.063,24.288,21.11,14.713,11.158,20.87,19.175,30.548,60.869,77.432,79.674,70.152,35.895,25.732,14.657,30.964,32.684,36.822,40.716,42.216,37.173,31.826,31.276,31.489,33.728,31.685,29.096,0.63125,0.971064815,0.333333333,1.38026225,0.757961783,0.916666667,1.159615173,0.222222222,1.662904544,0.586715867,0.272727273,0.333333333,,0.166666667,,,0.25,0.166666667,0.641255605,0.30952381,0.333333333,1.64516129,69.25925926,0.448538557,,0.878947368,1.594202899,0.735,0,0.29,0,0.41,0.965,0.46,0.36,0.49,0.47,0.805
Jalna,1999,0,16.359,0,0.131,52.419,158.43,102.522,120.472,262.205,130.908,0.292,0.328,12.892,16.844,20.441,24.184,23.846,22.157,22.109,21.801,20.294,19.461,16.222,13.248,21.127,25.536,28.974,32.436,31.793,28.049,26.495,25.98,25.414,26.069,23.543,21.186,7.19,16.182,22.724,20.605,41.029,66.456,81.755,82.573,76.732,30.253,15.612,13.812,29.38,34.266,37.596,40.716,39.776,33.969,30.901,30.215,30.548,32.733,30.942,29.173,0.243243243,1,,100,0.690721649,,7.711559466,,1.288888889,0.625,,0.042424242,,,0.457746479,0.983805668,,113.1969697,,,,,,,1.796719391,0.84375,1.603174603,0.735,0,0.29,0,0.41,0.965,0.46,0.36,0.49,0.47,0.805
Jalna,2000,0,1.767,0,0.238,16.754,122.479,116.792,108.335,79.02,15.82,6.719,6.471,14.445,15.159,18.931,24.616,23.599,22.551,21.611,22.806,21.851,21.379,17.488,13.92,22.669,23.858,27.486,32.86,31.554,28.463,25.975,26.984,26.977,27.988,24.868,21.864,6.318,19.03,19.242,20.943,34.014,68.3,73.385,77.475,54.988,23.509,17.035,11.654,30.924,32.589,36.107,41.14,39.537,34.384,30.382,31.219,32.111,34.652,32.213,29.853,0.371428571,1,,1,0.690265487,2.484074424,1.616300565,,2.150537634,0.5,0.409090909,0.422222222,0.760291595,0.4,,1.511811024,,2.530345912,,,,2.095238095,95.35797254,1,,0.615384615,1.835616438,0.735,0,0.29,0,0.41,0.965,0.46,0.36,0.49,0.47,0.805
Jalna,2001,7.042,0,11.811,4.123,8.183,120.751,51.883,100.49,62.651,55.964,10.255,0,14.592,16.848,20.202,22.656,24.817,22.429,22.056,21.699,22.429,19.89,16.886,15.691,22.815,25.545,28.768,30.879,32.767,28.312,26.42,25.877,27.548,26.521,24.207,23.629,14.581,10.808,23.678,26.235,30.808,68.643,87.056,82.169,50.166,33.569,15.743,16.506,31.07,34.277,37.357,39.159,40.742,34.233,30.826,30.112,32.684,33.161,31.606,31.615,0.4,1,0.333333333,1,0.762295082,1.8143028,1.514893503,,1.703703704,0.642857143,0.260869565,0.486486486,,0.346938776,,1.627906977,,2.435562016,,,0.5625,2.386792453,99.10663765,1,,0.761904762,2,0.735,0,0.29,0,0.41,0.965,0.46,0.36,0.49,0.47,0.805
Nashik,1997,5.743,0,0.001,14.892,4.278,427.201,458.988,497.734,69.416,23.677,31.127,14.755,12.683,13.332,18.439,19.95,22.827,23.167,22.957,22.238,21.822,20.554,19.537,15.68,20.76,21.64,26.39,27.193,29.101,27.702,26.359,25.553,26.086,26.713,26.707,23.433,10.901,8.532,22.354,24.066,17.945,55.639,76.244,75.739,51.865,16.376,24.649,22.69,28.861,30.014,34.367,34.46,35.377,32.27,29.812,28.898,30.432,32.919,33.906,31.215,0.041907514,0.30952381,,46.66666667,0.136138614,,0.393304461,,376.2088353,0.097087379,,0.046666667,,,0.081374322,,,0.28057554,,,,,,,0.334983498,0.15,0.358267717,0.5,0,0,0,0.82,1,0.98,0.715,0.625,1,0.975
Nashik,1998,0.801,0.527,2.064,0.651,11.094,170.397,558.734,320.088,291.691,60.23,29.158,0,13.914,14.128,17.862,22.387,25.294,24.98,23.068,23.342,22.143,21.06,17.698,14.268,22.006,22.444,25.836,29.648,31.566,29.506,26.469,26.625,26.42,27.245,24.885,22.011,11.627,11.263,17.828,18.043,25.521,55.45,80.128,82.185,69.132,30.756,22.316,14.338,30.107,30.813,33.797,36.904,37.844,34.081,29.924,29.967,30.767,33.45,32.085,29.796,0.599465955,0.488636364,0.2,0.8,0.55,0.859327217,0.874770187,0.290598291,0.703296703,0.349206349,0.188118812,0.461538462,1.083333333,0.382352941,,,,0.243243243,0.548648649,0.152542373,,0.368421053,80.49700599,0.349821956,,0.460815047,1.068720379,0.5,0,0,0,0.82,1,0.98,0.715,0.625,1,0.975
Nashik,1999,0,1.323,0,0,10.414,354.226,287.551,90.631,265.522,120.394,0.231,0.685,12.695,15.657,18.855,22.348,23.338,22.955,22.639,22.372,21.368,19.949,16.832,14.164,20.784,23.973,26.804,29.59,29.608,27.509,26.057,25.649,25.645,26.128,24.018,21.908,7.251,16.524,21.442,18.599,38.115,64.482,83.397,82.179,69.669,24.136,13.919,12.404,28.888,32.338,34.804,36.846,35.888,32.063,29.513,28.991,29.99,32.331,31.216,29.689,0.773067332,0.418848168,0.166666667,0.666666667,0.558648111,0.760326087,0.892187717,0.348623853,1.357476636,0.134078212,0.275229358,0.466666667,,0.321428571,,,,0.559210526,0.537190083,0.2,0.75,0.857142857,69.90601504,0.493167959,,0.20802005,0.79281768,0.5,0,0,0,0.82,1,0.98,0.715,0.625,1,0.975
Nashik,2000,0,0.05,0,0,31.947,235.818,370.646,179.802,104.453,22.553,7.799,4.55,14.052,13.564,17.263,22.845,22.677,23.345,22.065,23.077,22.117,21.461,17.94,14.743,22.138,21.874,25.199,30.088,28.957,27.898,25.483,26.373,26.392,27.622,25.126,22.438,6.392,16.798,17.779,18.945,28.032,62.647,75.99,77.645,53.668,20.779,16.581,10.987,30.243,30.245,33.201,37.343,35.226,32.477,28.937,29.688,30.738,33.828,32.327,30.221,0.699760766,0.538071066,,0.423076923,0.566854991,0.778971963,1.028664221,0.280373832,1.225,0.279329609,0.328358209,0.4,,0.333333333,,,,0.488372093,0.424929178,0.220588235,0.5625,0.80952381,72.11284047,0.499941989,,0.422413793,0.991304348,0.5,0,0,0,0.82,1,0.98,0.715,0.625,1,0.975
Nashik,2001,0.524,0,1.82,0.121,17.236,295.955,291.388,167.339,110.355,84.414,11.964,0,13.838,15.28,17.789,21.613,23.39,22.612,21.72,22.149,22.589,20.482,17.437,15.305,21.936,23.602,25.745,28.842,29.66,27.163,25.118,25.443,26.86,26.648,24.605,23.016,11.28,12.515,21.322,22.879,26.351,64.241,89.109,83.918,49.156,29.333,14.731,13.019,30.037,31.963,33.738,36.112,35.939,31.738,28.575,28.777,31.207,32.854,31.801,30.799,0.515418502,0.297297297,0.02,0.36,0.523972603,0.668604651,0.649023001,0.495798319,1.038888889,0.079365079,0.2,0.384615385,,0.230769231,,,0.333333333,0.151898734,0.302857143,0.230769231,0.583333333,0.194444444,61.35793358,0.398374772,,0.08137045,0.937037037,0.5,0,0,0,0.82,1,0.98,0.715,0.625,1,0.975
Pune,1997,1.284,0,0.747,23.912,4.664,673.831,422.913,541.579,60.477,31.05,65.392,18.991,13.59,14.12,18.786,20.195,22.904,22.878,22.874,21.945,21.522,21.058,20.335,17.392,20.891,21.613,25.827,26.434,28.304,26.711,25.796,24.788,25.244,26.333,26.75,24.359,12.902,7.921,21.341,25.444,19.097,55.471,77.492,73.207,51.545,17.972,30.033,23.91,28.238,29.146,32.888,32.712,33.734,30.597,28.723,27.663,28.982,31.652,33.171,31.392,0.25,0.522267206,,234.375,0.574468085,,0.873325994,,1.388282828,0.6875,,0.033333333,,,0.402799378,1,,2.063694268,,,,,,,0.847917339,0.886075949,1.275700935,0.78,0.03,0,0,0.33,0.98,0.985,0.745,0.575,1,0.905
Pune,1998,0.008,2.671,0.073,0.377,15.717,238.609,590.663,362.357,243.444,96.324,52.965,0.035,15.445,15.256,18.578,22.677,25.183,24.268,22.963,22.976,21.854,20.75,18.364,14.752,22.761,22.737,25.614,28.935,30.596,28.117,25.884,25.808,25.563,26.022,24.778,21.719,11.413,11.529,16.618,18.637,28.877,57.484,82.918,81.096,72.79,33.538,25.532,19.596,30.11,30.267,32.676,35.214,36.021,32.005,28.812,28.681,29.3,31.338,31.202,28.75,0.384057971,0.530815109,,1.709677419,0.814332248,1.242722372,1.169441082,,1.737597862,0.434782609,0.357142857,0.428571429,1,0.470422535,,1.5,0.25,3.159509202,0.529411765,0.428571429,,1.763345196,100.6625514,0.614705882,,0.674418605,1.486206897,0.78,0.03,0,0,0.33,0.98,0.985,0.745,0.575,1,0.905
Pune,1999,0,1.431,0,0.642,35.828,415.471,277.137,98.616,225.962,180.3,0.263,0.033,13.561,16.735,19.444,22.546,22.863,22.304,22.236,22.01,20.678,20.209,17.632,15.215,20.862,24.236,26.471,28.791,28.28,26.157,25.139,24.855,24.386,25.483,24.044,22.164,9.428,16.768,22.719,21.546,41.618,66.913,83.977,80.782,73.062,24.976,16.766,16.946,28.207,31.767,33.527,35.065,33.695,30.023,28.07,27.73,28.125,30.803,30.467,29.196,0.409722222,0.549707602,,2.303030303,0.817307692,1.322695035,1.030599061,,1.626642772,0.513157895,0.25,0.5,,0.326271186,,1.5,0.333333333,2.636871508,0.679245283,0.222222222,0.285714286,2.257495591,107.6008772,0.459627329,,0.774193548,1.861290323,0.78,0.03,0,0,0.33,0.98,0.985,0.745,0.575,1,0.905
Pune,2000,0,0.17,0,1.193,26.237,371.328,265.417,220.814,147.196,38.246,15.274,8.187,15.187,15.033,17.597,22.864,22.8,22.544,21.966,22.602,21.873,21.566,18.159,14.882,22.486,22.547,24.634,29.103,28.218,26.375,24.889,25.417,25.583,26.855,24.572,21.839,7.946,18.431,16.24,21.265,30.93,68.709,75.578,77.756,53.554,23.96,21.161,16.266,29.835,30.077,31.681,35.379,33.633,30.26,27.821,28.291,29.321,32.173,30.994,28.87,0.433121019,0.423551757,,1.805555556,0.769784173,1.445090439,0.905854631,,1.135049121,0.897058824,0.2,0.5,,0.366477273,,1.333333333,0.25,2.172043011,0.456,0.222222222,0,2.638841567,96.12389381,0.5,,0.290697674,1.699619772,0.78,0.03,0,0,0.33,0.98,0.985,0.745,0.575,1,0.905
Pune,2001,0.147,0,2.178,1.528,7.86,247.982,279.547,189.404,158.025,135.518,23.633,0.003,15.425,16.278,18.163,22.054,23.58,22.627,21.847,21.822,22.167,20.472,18.083,16.15,22.708,23.773,25.184,28.325,28.982,26.462,24.751,24.647,25.878,25.76,24.5,23.114,12.9,12.359,18.412,25.64,28.316,63.521,88.874,84.177,52.93,31.242,18.73,18.046,30.056,31.29,32.246,34.591,34.408,30.347,27.681,27.509,29.616,31.08,30.921,30.146,0.319587629,0.178823529,,0.967741935,0.74025974,1.309620991,0.557836851,,1.714937611,0.220338983,0.2,0.666666667,,0.272727273,,1.555555556,0.5,2.666666667,0.387096774,0.5,,1.540765391,99.60801782,0.992200328,,0.301587302,1.730103806,0.78,0.03,0,0,0.33,0.98,0.985,0.745,0.575,1,0.905
Sangli,1997,0.484,0,6.913,38.19,11.143,471.232,374.722,453.204,41.124,76.547,89.884,35.766,15.469,16.202,20.619,21.693,23.864,23.216,22.604,22.02,21.892,21.911,20.893,18.939,22.438,23.347,27.408,27.772,29.343,27.081,25.566,24.936,25.656,26.788,26.835,25.506,12.829,8.174,20.547,28.842,21.199,55.03,80.327,75.67,51.021,19.836,34.017,24.291,29.455,30.536,34.215,33.893,34.836,30.97,28.555,27.925,29.465,31.721,32.806,32.129,0.25,0.450624291,,235.5555556,0.502347418,,1.019513889,,1.395136387,0.574468085,,0.054545455,,,0.382113821,0.954545455,,1.564476886,,,,,,,0.895802099,0.795454545,1.463949843,0.425,0,0,0,0.46,0.975,0.99,0.555,0.52,1,0.99
Sangli,1998,0,0.703,0,1.156,32.5,276.129,448.806,306.578,163.658,126.389,53.522,1.184,17.281,17.306,20.848,24.095,25.236,24.245,22.761,22.799,21.927,21.188,19.299,16.26,24.247,24.436,27.597,30.186,30.715,28.104,25.723,25.738,25.72,26.074,25.239,22.828,12.575,12.187,15.284,19.328,28.914,60.013,80.312,74.063,73.051,34.174,25.598,20.123,31.262,31.626,34.421,36.305,36.202,31.993,28.712,28.73,29.531,31.01,31.209,29.45,0.381578947,0.775533109,,1.723404255,0.668067227,1.556637599,1.430895685,0.4,1.707407407,0.581818182,0.428571429,0.6,0.75,0.432786885,,1.528089888,0.25,2.414457831,0.527272727,0.25,,1.561403509,98.44345898,0.638596491,,0.5,1.762569832,0.425,0,0,0,0.46,0.975,0.99,0.555,0.52,1,0.99
Sangli,1999,0,0.001,0,2.101,68.03,318.77,343.148,104.83,113.204,238.066,1.532,0,15.302,18.649,21.223,23.681,23.374,22.057,22.019,22.097,21.122,21.106,18.918,16.737,22.269,25.798,28.031,29.763,28.862,25.922,24.977,25.017,24.888,25.99,24.871,23.305,10.504,15.281,21.655,25.85,45.991,64.902,84.325,76.12,65.605,27.471,21.397,16.944,29.286,32.987,34.853,35.883,34.347,29.809,27.967,28.006,28.7,30.926,30.841,29.926,0.402597403,0.926373626,0.333333333,2.333333333,0.699619772,1.555057128,1.388047202,0.25,1.567038163,0.770491803,0.263157895,0.5,,0.352941176,,1.189473684,0.25,1.615909091,0.890909091,0.166666667,0.3,1.940298507,105.7259953,0.637958533,,0.708333333,1.852242744,0.425,0,0,0,0.46,0.975,0.99,0.555,0.52,1,0.99
Sangli,2000,0,0.201,0,13.394,56.204,293.62,290.853,257.377,186.336,69.728,15.531,6.235,17.037,17.008,19.751,23.774,23.337,22.278,21.721,22.334,22.039,21.852,19.257,16.485,23.987,24.12,26.562,29.886,28.826,26.15,24.68,25.254,25.803,26.721,25.197,23.051,9.232,18.835,14.71,20.01,32.319,69.653,77.074,76.824,52.226,27.965,25.997,18.239,31.001,31.31,33.387,35.975,34.311,30.037,27.669,28.243,29.614,31.655,31.168,29.674,0.436619718,0.585094549,,1.892857143,0.508695652,1.606345501,1.132863359,0.25,1.075165277,0.389830508,0.277777778,0.416666667,,0.361111111,,1.086021505,0.05,1.16856492,0.525423729,0.666666667,0.826086957,2.470588235,91.48825065,0.656920078,,0.826086957,1.568389058,0.425,0,0,0,0.46,0.975,0.99,0.555,0.52,1,0.99
Sangli,2001,0,0,5.85,7.814,11.441,209.254,218.49,190.314,121.595,155.508,35.688,0.768,16.999,18.224,19.887,23.27,24.202,22.675,21.951,21.85,22.22,21.004,19.637,17.361,23.943,25.367,26.688,29.383,29.678,26.549,24.91,24.784,25.984,25.882,25.576,23.929,14.286,13.541,17.995,24.228,29.333,63.824,86.361,78.871,55.075,34.403,23.407,20.986,30.957,32.524,33.495,35.473,35.168,30.436,27.899,27.774,29.794,30.815,31.547,30.551,0.323076923,0.468986384,,0.967741935,0.614173228,2.017875648,1.084938026,,1.76984127,0.784313725,0.166666667,0.533333333,,0.269736842,,1.366666667,0.5,1.730941704,0.389830508,0.216666667,0.863636364,1.907142857,94.61928934,0.992647059,,0.666666667,1.817927171,0.425,0,0,0,0.46,0.975,0.99,0.555,0.52,1,0.99
Satara,1997,0.536,0,1.931,24.599,6.071,862.587,526.592,678.741,59.218,52.272,76.643,29.457,15.448,15.861,20.311,21.55,24.025,23.46,23.238,22.476,22.187,22.25,21.54,19.303,22.296,22.736,26.609,27.024,28.84,27.053,26.009,25.17,25.706,27.096,27.58,25.863,13.007,8.538,20.852,26.413,19.96,55.722,79.452,75.762,50.463,18.42,33.11,24.101,29.168,29.636,32.958,32.518,33.721,30.678,28.796,27.947,29.233,31.987,33.652,32.471,0.107407407,0.511111111,,165.9090909,0.352024922,,0.607875534,,1.512409127,0.333333333,,0.042857143,,,0.215116279,,,1.095238095,,,,,0.799851577,,0.417531719,0.482758621,0.799578059,0.81,0,0.505,0,0.46,0.505,0.96,0.65,0.355,1,0.96
Satara,1998,0,0.375,0,0.462,22.933,401.631,687.987,441.191,243.076,111.491,65.77,0.683,17.276,16.95,20.328,23.928,25.798,24.571,23.321,23.436,22.357,21.595,19.737,16.632,24.117,23.824,26.61,29.401,30.654,28.194,26.093,26.145,25.879,26.456,25.775,23.187,12.154,12.336,15.702,19.378,28.941,59.183,82.491,78.453,73.752,33.623,26.404,21.102,30.992,30.725,32.959,34.895,35.521,31.818,28.881,28.92,29.405,31.352,31.847,29.796,0.305454545,0.505347594,0.5,1.387755102,0.566336634,1.437960688,0.57954255,0.333333333,1.804257199,0.435897436,0.4,1,0.885302198,0.417910448,,,,1.137931034,0.488549618,0.297619048,,1.25,87.688,0.563518269,,0.441176471,1.200282087,0.81,0,0.505,0,0.46,0.505,0.96,0.65,0.355,1,0.96
Satara,1999,0,0.002,0,0.837,45.407,547.702,420.89,127.151,195.929,228.072,0.999,0,15.355,18.518,20.947,23.597,23.727,22.587,22.599,22.558,21.346,21.322,19.187,17.102,22.152,25.381,27.26,29.07,28.558,26.18,25.369,25.284,24.867,26.182,25.225,23.657,10.428,16.692,22.303,24.746,44.759,66.613,85.202,78.982,69.344,26.116,20.242,17.772,29.023,32.28,33.608,34.564,33.43,29.804,28.156,28.06,28.393,31.075,31.296,30.269,0.298245614,0.337412587,0,1.75862069,0.669312169,1.073374895,0.562274202,0.3,1.571855831,0.463414634,0.285714286,0.333333333,,0.292929293,,,,1.3125,0.537313433,0.222222222,0.25,1.4,94.52023988,0.512861454,,0.628571429,1.180758017,0.81,0,0.505,0,0.46,0.505,0.96,0.65,0.355,1,0.96
Satara,2000,0,0.044,0,4.676,35.948,481.896,369.293,297.793,225.503,58.23,19.526,9.094,17.022,16.754,19.294,23.847,23.724,22.852,22.317,22.972,22.405,22.37,19.569,16.745,23.84,23.616,25.589,29.325,28.555,26.473,25.087,25.666,25.925,27.221,25.609,23.298,9.187,18.997,15.464,21.445,31.907,69.463,76.706,77.95,53.027,26.252,24.97,18.247,30.714,30.514,31.938,34.816,33.428,30.098,27.876,28.441,29.451,32.114,31.68,29.908,0.386996904,0.414634146,0.333333333,1.723076923,0.563517915,0.878255384,0.604919713,0.272727273,0.891897009,0.588235294,0.333333333,0.333333333,,0.336842105,,,,1.133333333,0.317460317,0.222222222,0.5,1.666666667,92.0015456,0.473941059,,0.5,1.100196464,0.81,0,0.505,0,0.46,0.505,0.96,0.65,0.355,1,0.96
Satara,2001,0.008,0,2.673,2.968,9.597,304.997,341.33,247.283,178.539,156.504,37.08,0.452,17.144,17.943,19.54,23.311,24.481,23.126,22.342,22.359,22.583,21.437,19.793,17.841,23.956,24.822,25.834,28.788,29.306,26.718,25.11,25.066,26.103,26.287,25.831,24.397,13.661,13.823,17.737,25.524,28.961,63.453,88.248,82.342,53.813,32.759,21.965,20.234,30.83,31.701,32.183,34.279,34.176,30.342,27.899,27.843,29.629,31.182,31.903,31.006,0.208955224,0.457627119,,0.875,0.553797468,0.868921776,0.577229826,0.2,1.073870574,0.2,1,0.666666667,,0.247191011,,,0.333333333,1.333333333,0.34591195,0.333333333,0.52173913,1.25,75.81103679,0.614568926,,0.045454545,1.167597765,0.81,0,0.505,0,0.46,0.505,0.96,0.65,0.355,1,0.96
Solapur,1998,0,2.349,0.025,1.893,20.152,70.719,221.741,165.109,147.259,157.173,42.478,0.289,16.495,17.105,20.771,24.232,25.378,24.381,22.863,22.493,21.606,20.585,18.197,14.613,24.108,25.049,28.551,31.571,32.309,29.289,26.69,26.284,26.197,26.181,24.668,21.803,10.573,10.786,16.756,17.362,30.105,57.783,81.244,74.798,69.949,35.601,25.579,17.301,31.756,33.082,36.411,38.925,39.259,34.209,30.541,30.106,30.815,31.84,31.164,29.03,0.451612903,,,,0.605263158,1.5,,,,,0.291666667,0.408163265,0.807692308,0.366666667,,0.811764706,0.25,2.18560794,,0.265151515,,,,1,,0.795918367,1,0.995,0.055,0.45,0,0.355,0.125,0.96,0.32,0.375,1,0.745
Solapur,1999,0,0.626,0,3.404,60.335,94.794,137.107,58.959,121.719,183.425,0.498,0,14.365,17.947,21.174,24.032,23.052,22.02,21.909,21.719,20.652,20.318,17.707,15.267,21.969,25.911,29.007,31.347,29.987,26.929,25.748,25.526,25.234,25.937,24.166,22.437,8.713,13.914,21.585,20.79,42.76,63.485,82.091,76.445,67.123,26.294,18.167,15.536,29.617,33.942,36.853,38.704,36.939,31.855,29.599,29.349,29.851,31.582,30.662,29.668,0.517241379,,,,0.657894737,1.75,,,,0.444444444,0.375,0.442307692,,0.285714286,,0.971428571,0.5,2.311422414,,0.348484848,0.699115044,,,,,0.734693878,1,0.995,0.055,0.45,0,0.355,0.125,0.96,0.32,0.375,1,0.745
Solapur,2000,0,1.21,0,8.142,44.259,136.574,118.913,179.102,102.901,48.81,12.54,5.978,16.006,16.723,19.619,24.177,23.075,21.929,21.535,22.032,21.539,21.396,18.131,14.964,23.599,24.67,27.427,31.502,30.009,26.82,25.356,25.81,26.123,27.007,24.59,22.134,6.798,18.881,14.797,17.11,31.153,70.409,77.033,76.955,50.616,26.112,22.938,16.125,31.244,32.702,35.291,38.857,36.962,31.744,29.208,29.637,30.742,32.666,31.088,29.365,0.344827586,,,,0.526315789,1.25,,,,0.333333333,0.208333333,0.367346939,,0.333333333,,0.443786982,0.5,1.673411701,,0.257575758,0.709677419,,,,,0.612244898,1,0.995,0.055,0.45,0,0.355,0.125,0.96,0.32,0.375,1,0.745
Washim,1997,31.331,0,1.215,19.096,3.623,121.193,129.474,210.153,41.85,29.667,146.224,35.471,12.194,14.313,20.104,21.459,24.964,23.346,22.467,22.632,21.226,19.536,18.663,15.327,20.016,22.526,28.299,29.366,32.458,29.21,26.682,26.539,26.019,26.024,25.875,23.024,12.806,8.232,25.625,28.118,24.614,55.692,77.33,74.61,58.141,24.614,29.461,38.884,27.901,30.829,36.591,37.303,39.977,35.068,30.979,30.52,30.851,32.512,33.08,30.732,1.228346457,0.518518519,,0.889908257,0.733333333,0.946428571,0.983589385,,1,0.493096647,0,0,,0.428571429,,,,0.631578947,0.592592593,0.4375,,2.44343303,93.5,0.492207792,,0.504215852,1.096590909,0.965,0,0.515,0,0.46,1,0.495,0.47,0.5,1,0.85
Washim,1998,1.271,0.972,4.12,0.205,1.134,72.264,158.978,187.303,431.848,62.348,61.07,0,14.659,15.756,20.194,25.217,27.985,26.995,23.884,23.529,21.773,20.761,16.961,13.006,22.468,23.969,28.41,33.128,35.478,32.797,28.102,27.43,26.593,27.247,24.044,20.697,18.055,11.377,22.637,20.822,31.926,64.865,73.886,79.972,70.768,36.772,27.809,14.353,30.352,32.271,36.693,41.065,42.996,38.671,32.396,31.409,31.424,33.736,31.132,28.403,0.822541966,0.6,0.1,0.50614948,0.412429379,0.55,0.931387226,,1,0.365422397,1,,,0.356521739,,,,0.4,0.287671233,0.25,0.571428571,1.061050061,66.75,0.685185185,,0.439344262,0.96875,0.965,0,0.515,0,0.46,1,0.495,0.47,0.5,1,0.85
Washim,1999,0.015,31.073,0,0.09,53.878,177.136,165.584,236.557,269.327,114.742,0.201,0.061,13.121,17.272,20.79,25.247,25.459,22.998,22.703,22.355,20.922,19.577,16.247,13.024,20.94,25.538,29.072,33.153,32.953,28.803,26.928,26.257,25.71,26.062,23.446,20.722,7.437,16.027,23.486,21.678,40.935,66.867,80.011,84.958,80.951,32.655,17.005,14.658,28.825,33.796,37.288,41.092,40.459,34.675,31.225,30.235,30.54,32.552,30.68,28.427,0.790523691,0.347826087,0.1,0.900203666,0.735395189,1,1.147812971,,3,0.685370741,,,,0.259259259,,,,1,0.461538462,0.333333333,0.5,1.490996399,59.375,0.921171171,,0.787021631,1.410596026,0.965,0,0.515,0,0.46,1,0.495,0.47,0.5,1,0.85
Washim,2000,0,3.88,0,0.132,11.049,135.168,194.276,162.05,53.883,4.563,1.274,1.67,14.63,15.743,19.57,25.796,25.313,23.442,22.117,23.604,22.729,21.761,17.898,14.191,22.449,24.004,27.783,33.725,32.795,29.248,26.333,27.506,27.536,28.246,25.091,21.888,6.742,20.025,20.112,22.088,36.118,69.631,71.879,79.183,57.601,22.84,16.949,11.814,30.332,32.258,36.066,41.661,40.313,35.122,30.628,31.485,32.347,34.736,32.323,29.597,0.932038835,0.625,0.1,0.844186047,0.68597561,1.5,0.978203083,,2,0.480215827,,,,0.25,,,,0.636363636,0.6,0.210526316,,1.291986828,50,0.5,,0.626279863,1.282208589,0.965,0,0.515,0,0.46,1,0.495,0.47,0.5,1,0.85
Washim,2001,19.55,0,25.749,5.549,6.162,148.16,45.148,157.007,23.706,20.264,1.841,0,14.815,17.607,21.139,23.08,26.788,23.272,23.072,22.422,23.523,20.055,16.968,16.273,22.621,25.833,29.357,30.992,34.279,29.131,27.285,26.324,28.324,26.54,24.155,23.976,15.251,10.101,25.952,28.006,32.362,72.381,85.336,82.466,51.321,34.449,16.282,18.531,30.506,34.135,37.641,38.92,41.798,34.997,31.583,30.303,33.154,33.029,31.386,31.686,0.692579505,0.426966292,,41.38782843,0.317073171,,0.723086497,,1.2,0.336820084,,0.054545455,,,0.541195477,,,0.567164179,,,,,,,0.620413793,0.240343348,0.467741935,0.965,0,0.515,0,0.46,1,0.495,0.47,0.5,1,0.85
Yavatmal,1997,26.892,0,2.7,26.131,6.689,82.798,188.604,232.244,91.573,51.556,92.557,31.918,12.997,15.501,20.882,22.15,26.097,24.616,23.161,23.247,22.136,20.144,18.889,15.289,20.545,23.397,28.804,29.841,33.428,30.343,27.268,27,26.71,26.287,25.805,22.807,13.013,8.455,25.547,31.941,25.757,53.77,78.283,73.277,60.03,25.746,30.242,39.757,28.117,31.33,36.764,37.583,40.769,36.091,31.419,30.758,31.328,32.445,32.757,30.374,1.222990493,0.511627907,0.333333333,1.0044833,0.540540541,0.768472906,1.2,0.333333333,1,0.650826446,0,0.5,,0.235294118,,,0.333333333,0.867924528,0.642857143,0.416666667,0.5,1.298584299,92.84285714,0.726190476,,0.756302521,1.190082645,0.83,0,0.48,0,0.46,0.99,0.54,0.185,0.185,1,1
Yavatmal,1998,5.746,4.585,9.593,3.527,5.747,69.104,212.667,277.319,370.856,75.561,51.495,0,15.502,16.783,20.513,25.458,28.364,27.324,24.321,23.835,22.497,21.143,17.373,13.146,23.012,24.665,28.52,33.15,35.695,33.001,28.438,27.587,27.074,27.296,24.127,20.663,17.803,12.23,23.36,19.915,32.454,64.35,73.187,77.562,68.854,37.274,27.537,12.723,30.586,32.599,36.552,40.887,43.022,38.739,32.566,31.344,31.691,33.453,30.915,28.23,1.163179916,0.630434783,0.2,0.532052714,0.543478261,0.684615385,1.051165803,0.142857143,1,0.409368635,0.1,0.333333333,,0.362962963,,,0.333333333,0.826923077,0.25,0.616438356,0.666666667,1.187088274,75.66216216,0.666666667,,0.498023715,1.105263158,0.83,0,0.48,0,0.46,0.99,0.54,0.185,0.185,1,1
Yavatmal,1999,0.177,24.769,0,1.011,56.187,132.907,218.419,287.394,257.769,94.944,0.057,0,13.602,17.96,21.503,25.955,26.237,23.755,23.14,22.784,21.621,20.233,16.856,13.45,21.151,25.861,29.496,33.65,33.568,29.445,27.26,26.537,26.18,26.364,23.762,20.968,6.786,15.633,22.742,20.36,40.379,64.338,79.077,83.585,78.75,32.697,16.951,13.881,28.72,33.793,37.526,41.39,40.876,35.166,31.413,30.292,30.798,32.523,30.717,28.534,1.268292683,0.364864865,0.25,0.699313501,0.628205128,0.858333333,1.047079038,0.166666667,2.5,0.283702213,,0.5,,0.265625,,,0.1,1,0.666666667,0.21,0.75,1.298850575,72.34782609,0.45,,0.324,1.14619883,0.83,0,0.48,0,0.46,0.99,0.54,0.185,0.185,1,1
Akola,2002,16.449,6.707,7.668,6.855,0.857,238.65,31.866,242.511,131.673,40.837,5.229,0.041,13.314,17.249,20.14,24.555,26.554,23.769,23.265,20.867,20.887,19.983,15.879,14.406,21.399,25.734,28.584,32.61,34.031,29.616,27.475,24.703,25.674,26.732,23.374,22.303,12.543,18.919,26.202,27.723,33.158,71.313,64.845,94.268,52.296,24.926,12.119,15.525,29.493,34.238,37.079,40.734,41.516,35.468,31.718,28.559,30.528,33.493,30.929,30.254,0.905376344,0.666666667,,1.007626738,0.66255144,2,1.477737665,,2,0.405909798,,,,0.111111111,,,0.1,,0.545454545,0.222222222,,1.503676471,70,0.677777778,,0.480263158,1.533980583,0.975,0,0.44,0,0,0.5,0.325,0.185,0.5,0.99,0.81
Amravati,2002,11.662,7.997,7.985,4.598,4.561,222.887,44.144,271.928,126.344,38.744,6.801,0.476,13.566,17.426,20.603,25.254,27.863,24.964,24.308,21.85,21.74,20.571,16.373,14.961,21.492,25.771,29.012,33.254,35.144,30.718,28.358,25.431,26.393,27.289,23.836,22.779,13.332,19.579,26.959,28.101,34.097,71.075,63.308,94.64,51.408,24.643,12.017,15.798,29.445,34.15,37.457,41.298,42.445,36.49,32.419,29.068,31.082,34.042,31.354,30.631,0.9528403,0.625,0.19047619,0.873476703,0.754874652,0.791666667,1.199708455,,2,0.330718954,,,,0.266666667,,,0.2,0.654545455,0.526315789,0.208333333,0.461538462,0.958466454,53.91304348,0.685185185,,0.296703297,1.036036036,0.825,0,0.4,0,0.435,1,0.52,0.44,0.44,1,0.945
Aurangabad,2002,2.935,2.06,3.018,23.699,5.642,180.658,23.734,125.241,111.635,20.206,3.439,0,12.227,15.935,18.935,23.002,24.144,22.681,22.617,20.79,20.482,20.172,16.128,14.185,20.903,25.039,27.835,31.495,32.116,28.36,26.777,24.793,25.611,26.989,23.748,22.487,10.431,17.407,24.956,26.148,30.625,69.292,69.831,91.546,50.602,23.932,13.685,13.954,29.606,34.188,36.791,40.001,40.109,34.07,31.023,28.891,30.741,33.829,31.371,30.832,0.29,0.874583055,0.166666667,0.557195572,0.578431373,1.353658537,0.984240067,0.1875,1.956296828,0.757352941,0.25,,,0.178947368,,,0.222222222,0.333333333,0.290780142,0.31372549,,1.518518519,62.28813559,0.437686345,,0.803278689,1.21257485,0.735,0,0.35,0,0.5,0.99,0.735,0.345,0.48,0.96,0.985
Bhandara,2002,15.1,16.548,1.641,8.95,31.834,310.744,151.566,366.003,131.111,27.367,0.175,0.183,13.547,16.993,20.911,25.631,29.227,25.962,25.305,23.239,23.516,21.111,16.482,15.09,21.21,24.991,29.177,33.571,36.556,31.534,28.998,26.597,27.782,27.192,23.755,22.875,15.039,22.921,27.843,27.012,33.907,72.891,60.796,94.179,51.579,27.278,11.371,17.732,28.905,33.051,37.443,41.511,43.928,37.115,32.786,29.99,32.143,33.334,31.093,30.7,0.887323944,,0.333333333,,0.421052632,0.75,0.6875,0.15625,2,0.333333333,,0.413793103,,0.25,,,0.25,1.610401165,,0.1125,1,1.043010753,47.85714286,,,0.5,0.716981132,0.355,0,0.49,0,0.025,0.985,0.535,0.255,0.255,1,1
Buldana,2001,13.028,0,17.689,2.929,9.073,164.699,54.602,119.161,30.05,33.282,4.901,0,13.894,16.548,20.076,22.547,25.41,22.486,22.066,21.747,22.678,19.573,16.301,15.348,22.073,25.154,28.614,30.671,33.13,28.438,26.35,25.748,27.654,26.343,23.797,23.295,14.168,10.565,25.34,26.263,31.292,69.645,86.211,81.988,49.422,32.967,14.843,16.55,30.259,33.812,37.165,38.865,40.898,34.395,30.691,29.775,32.664,33.126,31.368,31.286,0.67238422,0.371794872,0.2,0.898682417,0.605042017,0.796296296,1.181068917,,1.739731438,0.616438356,,,,0.261682243,,,0.5,1,0.484848485,0.390625,0.698113208,1.446808511,81.27272727,0.839506173,,0.541310541,1.784810127,0.575,0,0.5,0,0.44,0.98,0.5,0.04,0.66,0.99,0.995
Buldana,2002,13.693,6.776,5.751,11.773,1.866,226.257,27.625,210.383,131.232,31.077,5.049,0,13.269,17.1,20.034,24.255,25.676,23.159,22.823,20.609,20.541,20.086,16.067,14.544,21.448,25.683,28.571,32.391,33.423,29.115,27.121,24.624,25.503,26.852,23.567,22.491,11.361,17.956,26.031,26.925,32.071,70.005,66.551,92.858,51.401,24.546,12.404,14.445,29.632,34.339,37.125,40.571,41.186,35.068,31.461,28.653,30.514,33.631,31.137,30.481,0.712543554,0.631578947,0.2,1.156862745,0.546075085,0.892857143,1.20864808,,1.418592297,0.347266881,,,,0.166666667,,,0.333333333,1,0.473684211,0.241935484,,1.251908397,64.61538462,0.833333333,,0.442944785,1.813148789,0.575,0,0.5,0,0.44,0.98,0.5,0.04,0.66,0.99,0.995
Chandrapur,2002,21.395,5.615,6.205,8.599,34.802,259.068,132.064,334.286,106.191,38.48,0.485,0,14.775,18.021,21.868,26.147,28.778,25.621,25.016,22.928,23.407,21.308,16.855,15.4,22.218,25.82,29.852,33.8,36.037,31.153,28.867,26.412,27.694,27.145,23.812,23.031,12.496,19.65,25.901,21.909,35.346,69.648,62.668,87.924,50.597,29.269,14.274,17.024,29.691,33.662,37.89,41.454,43.308,36.701,32.729,29.909,32.057,33.024,30.789,30.718,0.339552239,,0.1,0.759358289,0.342857143,2,0.723985536,0.217741935,,0.333333333,,0.398963731,,0.235294118,,,0.333333333,1.256069669,,0.133333333,0.3,1.165853659,,,,0.285714286,0.588235294,0.605,0,0.44,0,0.455,1,0.45,0.4,0.575,1,0.99
Dhule,2002,0.139,0.935,9.87,30.745,3.679,280.964,55.902,274.193,125.612,3.313,2.153,0,10.545,13.445,17.424,21.93,23.944,23.037,22.671,20.996,20.68,19.822,15.944,13.901,19.4,22.668,26.396,30.221,31.337,28.338,26.62,24.695,25.558,26.831,23.865,22.347,9.548,15.388,25.598,25.599,31.353,62.188,70.547,91.719,48.415,19.957,13.658,11.319,28.333,31.945,35.39,38.535,38.735,33.665,30.595,28.441,30.5,33.848,31.784,30.865,0.293478261,0.723922114,,0.539156627,0.663716814,0.915120127,0.975734661,,1.677631579,0.398148148,1,,,0.285714286,,0.721311475,,0.807692308,,0.165350877,0.603896104,1.333333333,60.83333333,0.666666667,,0.62992126,1.24822695,0.5,0.045,0,0,0.395,1,1,0.645,0.075,1,0.995
Jalgaon,2002,3.424,4.703,8.843,15.472,3.393,213.09,26.124,176.882,98.554,10.391,3.561,0,11.79,15.088,18.817,23.379,25.206,23.52,23.223,21.212,20.892,20.033,16.075,14.265,20.546,24.309,27.857,31.919,33.128,29.397,27.446,25.142,26.015,27.18,24.036,22.712,10.38,16.512,25.803,26.054,32.357,64.988,68.274,92.043,49.147,21.959,12.717,12.505,29.348,33.537,36.946,40.49,41.071,35.26,31.705,29.147,31.145,34.32,32.022,31.169,0.402197802,0.817596567,0.5,0.677279305,0.495798319,0.75,0.862020381,0.25,1.057214733,0.441471572,0.222222222,0.333333333,,0.32460733,,,0.166666667,0.583333333,0.468599034,0.243902439,0.581967213,0.489361702,77.60625,0.984498834,,0.415584416,2.477366255,0.935,0,0.7,0,0.455,1,0.98,0.655,0.42,1,1
Jalna,2002,7.845,1.861,2.404,18.569,4.375,193.412,24.548,157.701,133.805,35.254,4.149,0,13.717,17.544,20.314,24.237,25.066,22.887,22.819,20.856,20.685,20.606,16.597,14.902,21.94,26.242,28.859,32.481,33.014,28.801,27.191,25.034,25.812,27.219,23.945,22.839,10.885,17.97,25.208,26.093,30.056,71.344,68.715,90.887,51.159,25.428,12.867,14.615,30.195,34.974,37.468,40.76,40.998,34.721,31.597,29.271,30.946,33.883,31.343,30.828,0.45,,,1,0.6796875,2.252663623,1.44684432,,1.147361647,0.866666667,0.28,0.352941176,,0.369230769,,1.399193548,,2.220014111,,,0.406818182,1.93799682,90.9509476,0.75,,0.3,1.785714286,0.735,0,0.29,0,0.41,0.965,0.46,0.36,0.49,0.47,0.805
Nashik,2002,0.105,1.149,3.738,27.969,5.41,382.347,75.62,252.219,107.542,5.974,1.092,0,12.374,15.343,18.507,22.529,24.362,23.532,23.241,21.834,21.727,21.445,17.767,15.639,20.456,23.656,26.442,29.771,30.633,28.07,26.648,25.115,26.017,27.61,24.942,23.373,10.178,16.581,24.669,26.146,29.963,65.844,73.15,91.769,49.95,21.183,14.551,12.402,28.562,32.03,34.441,37.026,36.915,32.625,30.102,28.46,30.362,33.814,32.138,31.158,0.541104294,0.404878049,,0.631578947,0.380136986,1.034177215,0.733330833,0.236220472,0.825688073,0.300469484,0.31372549,0.333333333,,0.16,,,,0.311377246,0.398773006,0.290909091,0.4,1.106382979,51.91056911,0.669336878,,0.478927203,1.108527132,0.5,0,0,0,0.82,1,0.98,0.715,0.625,1,0.975
Pune,2002,0.231,0.911,0.388,53.266,18.43,509.145,84.936,257.205,78.269,21.486,0.614,0,13.596,16.867,19.028,23.055,24.222,22.975,22.943,21.711,21.707,21.72,18.235,16.166,20.893,24.396,26.08,29.312,29.64,26.833,25.849,24.541,25.418,26.998,24.646,23.115,11.42,17.416,22.472,25.498,28.427,70.327,74.529,88.139,51.534,23.856,16.499,17.029,28.242,31.926,33.125,35.589,35.053,30.719,28.776,27.417,29.156,32.316,31.067,30.147,0.38317757,0.147515528,,1.1,0.554716981,1.39484127,0.465639909,,1.569318363,0.178571429,0.5,0.5,,0.038585209,,1.4,0.5,1.535135135,0.208333333,0.05,0.5,1.673667205,88.73417722,0.617127496,,0.184615385,1.272321429,0.78,0.03,0,0,0.33,0.98,0.985,0.745,0.575,1,0.905
Sangli,2002,0.045,0.358,0.715,61.115,39.727,384.424,93.782,260.767,39.528,97.277,1.105,0,15.78,18.621,21.404,24.086,24.565,22.911,22.644,21.806,21.927,22.054,19.31,17.611,22.718,25.771,28.162,30.174,30.046,26.801,25.604,24.736,25.72,26.974,25.25,24.181,13.441,17.482,20.864,23.183,29.994,69.628,71.681,82.764,47.957,31.077,21.92,19.632,29.734,32.959,34.969,36.291,35.536,30.688,28.593,27.725,29.531,31.888,31.219,30.8,0.388059701,0.407119021,,1.138888889,0.3,2.259034719,1.024666921,,2.080017007,0.452830189,0.277777778,0.5,,0.483333333,,1.078651685,0.5,1.568281938,0.204545455,0.216666667,0.281818182,1.974358974,93.05263158,0.416666667,,0.784313725,1.379603399,0.425,0,0,0,0.46,0.975,0.99,0.555,0.52,1,0.99
Satara,2002,0.016,0.015,0.427,53.686,25.701,651.131,118.729,342.954,66.529,57.036,0.669,0,15.557,18.582,20.84,24.102,25.029,23.363,23.264,22.344,22.299,22.625,19.713,17.959,22.354,25.452,27.135,29.578,29.849,26.985,26.032,25.05,25.822,27.494,25.77,24.512,12.556,17.965,21.553,24.993,28.762,70.655,73.927,86.402,49.749,27.793,20.21,19.061,29.226,32.35,33.472,35.07,34.725,30.609,28.82,27.828,29.348,32.375,31.821,31.122,0.345864662,0.378486056,0.25,1.704545455,0.432601881,0.715294118,0.440410653,0.166666667,1.752840988,0.65,0.1,0.5,,0.179640719,,,0.5,0.6,0.27388535,0.333333333,0.071428571,0.714285714,71.84397163,0.449062216,,0.689655172,1.276859504,0.81,0,0.505,0,0.46,0.505,0.96,0.65,0.355,1,0.96
Solapur,2002,2.473,0.231,1.213,60.297,35.71,146.894,46.604,120.628,42.231,67.396,1.438,0,14.775,17.963,21.111,24.422,24.503,22.718,22.708,21.388,21.579,21.336,17.845,16.03,22.37,25.928,28.891,31.759,31.438,27.62,26.533,25.168,26.171,26.958,24.305,23.205,11.739,15.493,21.064,20.673,31.519,68.34,72.388,81.735,47.878,27.77,19.491,17.604,30.016,33.961,36.754,39.116,38.387,32.535,30.379,28.992,30.789,32.602,30.801,30.431,0.518518519,,,,0.657142857,2.25,,,1,0.625,0.3,0.418604651,,0.25,,0.40625,0.5,1.807246377,,0.333333333,0.739837398,,,,,0.744680851,1,0.995,0.055,0.45,0,0.355,0.125,0.96,0.32,0.375,1,0.745
Washim,2002,19.576,1.936,4.76,5.516,1.884,224.519,36.801,248.794,157.924,52.118,4.297,0,14.327,18.435,20.979,25.109,26.702,23.817,23.42,21.08,21.123,20.49,16.435,15,22.136,26.647,29.186,33.034,34.182,29.671,27.654,25.011,25.91,26.974,23.634,22.697,12.148,18.675,25.847,27.18,31.978,73.036,65.022,93.292,52.871,26.069,12.825,16.055,30.021,34.949,37.477,40.952,41.7,35.543,31.95,28.989,30.741,33.463,30.867,30.405,1.02688172,0.528089888,0.166666667,0.544210054,0.484042553,0.954545455,1.211061666,0.25,2,0.65408805,,0.4,0.666666667,0.4375,,,,0.740740741,0.642857143,0.301470588,,2.261163735,82.84615385,0.666666667,,0.539419087,1.208530806,0.965,0,0.515,0,0.46,1,0.495,0.47,0.5,1,0.85
Yavatmal,2000,0,9.814,0,1.482,23.164,157.387,262.314,299.11,60.016,7.045,0.446,0.66,15.277,16.664,20.248,26.288,26.007,23.577,22.555,23.75,22.943,21.931,18.169,14.354,22.798,24.545,28.256,33.98,33.323,29.255,26.648,27.502,27.505,28.087,25.087,21.873,5.842,21.651,19.756,19.505,36.127,69.965,72.847,79.257,56.317,22.725,16.927,11.44,30.373,32.478,36.29,41.72,40.662,34.996,30.802,31.26,32.123,34.236,32.041,29.439,1.014139827,0.625,0.1,0.777584924,0.523809524,1.276315789,1.090387374,0.25,2,0.350775194,,0.333333333,,0.5,,,,0.648648649,0.5,0.168181818,,1.359355638,62.22222222,0.666666667,,0.40530303,1.056818182,0.83,0,0.48,0,0.46,0.99,0.54,0.185,0.185,1,1
